"ip","url","firstseen","lastseen"
"101.38.151.152","http://101.38.151.152:52410/Mozi.m","2023-12-13 08:30:03.19911","2023-12-20 16:30:03.561942"
"102.33.0.183","http://102.33.0.183:33183/Mozi.a","2023-12-02 09:30:02.72433","2023-12-02 14:30:03.467683"
"102.33.103.102","http://102.33.103.102:46927/Mozi.m","2023-11-26 18:00:03.32799","2023-11-27 06:30:03.466694"
"102.33.103.55","http://102.33.103.55:52297/Mozi.m","2023-11-28 11:30:02.839398","2023-11-29 05:00:03.514787"
"102.33.105.7","http://102.33.105.7:60971/Mozi.m","2023-11-30 17:00:04.182424","2023-12-01 12:00:03.387252"
"102.33.11.159","http://102.33.11.159:34741/Mozi.a","2023-11-21 04:30:03.401875","2023-12-13 08:00:03.510272"
"102.33.11.159","http://102.33.11.159:34741/Mozi.m","2023-12-13 01:30:03.162469","2023-12-13 08:00:03.510272"
"102.33.129.27","http://102.33.129.27:60222/Mozi.m","2023-12-10 01:00:03.565324","2023-12-10 16:00:03.883474"
"102.33.13.166","http://102.33.13.166:40847/Mozi.m","2023-12-04 23:30:02.897989","2023-12-05 14:30:03.155387"
"102.33.132.167","http://102.33.132.167:52471/Mozi.m","2023-12-12 05:00:03.730342","2023-12-12 23:00:03.269684"
"102.33.132.167","http://102.33.132.167:52471/Mozi.a","2023-11-23 00:30:03.479061","2023-12-12 23:00:03.269684"
"102.33.138.52","http://102.33.138.52:43875/Mozi.a","2023-11-29 01:00:03.260552","2023-11-29 05:30:03.568878"
"102.33.16.186","http://102.33.16.186:42329/Mozi.m","2023-11-24 06:30:02.702601","2023-11-25 03:00:03.405358"
"102.33.170.53","http://102.33.170.53:53075/Mozi.m","2023-12-06 20:00:03.693315","2023-12-07 07:30:02.803743"
"102.33.19.102","http://102.33.19.102:47077/Mozi.m","2023-11-28 15:00:03.111804","2023-11-29 05:30:03.568878"
"102.33.19.162","http://102.33.19.162:60469/Mozi.a","2023-12-08 21:30:02.882671","2023-12-09 18:30:03.452918"
"102.33.26.103","http://102.33.26.103:40859/Mozi.m","2023-12-18 12:30:03.006019","2023-12-19 06:30:03.399654"
"102.33.31.38","http://102.33.31.38:38635/Mozi.a","2023-12-08 13:00:03.913768","2023-12-09 11:00:03.700031"
"102.33.33.101","http://102.33.33.101:59334/Mozi.m","2022-11-19 20:30:02.697951","2023-12-03 06:30:02.890518"
"102.33.33.154","http://102.33.33.154:50515/Mozi.m","2023-11-25 02:30:04.015172","2023-11-25 19:30:03.007682"
"102.33.33.6","http://102.33.33.6:60990/Mozi.m","2023-11-27 03:00:03.766329","2023-12-02 14:30:03.467683"
"102.33.34.224","http://102.33.34.224:48081/Mozi.m","2022-11-12 14:00:02.235593","2023-12-21 18:00:02.977841"
"102.33.35.136","http://102.33.35.136:42449/Mozi.m","2023-12-04 13:00:03.685673","2023-12-05 07:30:03.101525"
"102.33.35.159","http://102.33.35.159:46951/Mozi.m","2022-09-28 03:30:02.685144","2023-12-03 20:00:03.664479"
"102.33.35.159","http://102.33.35.159:35232/Mozi.a","2023-12-03 07:30:02.959451","2023-12-03 20:00:03.664479"
"102.33.36.35","http://102.33.36.35:33349/Mozi.m","2022-11-19 21:30:02.486719","2023-12-19 06:30:03.399654"
"102.33.40.135","http://102.33.40.135:41163/Mozi.a","2023-12-15 22:00:03.669241","2023-12-16 04:30:03.309390"
"102.33.40.52","http://102.33.40.52:40136/Mozi.a","2023-12-13 22:00:02.922292","2023-12-15 01:00:03.795430"
"102.33.41.128","http://102.33.41.128:42739/Mozi.m","2023-12-08 00:30:03.370305","2023-12-09 00:00:03.023067"
"102.33.41.191","http://102.33.41.191:59987/Mozi.m","2023-12-12 10:04:14.325898","2023-12-13 03:00:03.355192"
"102.33.42.11","http://102.33.42.11:33528/Mozi.a","2023-12-07 19:30:03.17378","2023-12-08 17:30:03.378797"
"102.33.42.145","http://102.33.42.145:51999/Mozi.m","2023-12-06 09:30:03.208699","2023-12-06 22:30:03.052768"
"102.33.42.7","http://102.33.42.7:60480/Mozi.m","2023-12-03 22:30:03.522242","2023-12-04 19:00:03.549565"
"102.33.43.153","http://102.33.43.153:50857/Mozi.m","2023-12-06 04:30:03.233428","2023-12-06 21:00:03.553741"
"102.33.44.173","http://102.33.44.173:40968/Mozi.m","2023-12-07 05:30:03.352971","2023-12-08 01:00:03.343265"
"102.33.44.252","http://102.33.44.252:58233/Mozi.a","2023-12-12 20:00:03.616116","2023-12-13 06:00:03.811583"
"102.33.45.212","http://102.33.45.212:38667/Mozi.m","2023-12-14 10:00:03.970442","2023-12-15 12:30:02.910802"
"102.33.45.81","http://102.33.45.81:33913/Mozi.a","2023-12-07 11:00:03.136696","2023-12-08 22:30:03.445358"
"102.33.45.81","http://102.33.45.81:33913/Mozi.m","2023-12-07 21:30:03.151765","2023-12-08 22:30:03.445358"
"102.33.46.238","http://102.33.46.238:51639/Mozi.m","2023-12-19 06:00:03.213264","2023-12-19 07:00:04.017842"
"102.33.46.247","http://102.33.46.247:33923/Mozi.m","2023-12-14 17:00:03.761357","2023-12-15 17:30:02.944946"
"102.33.46.26","http://102.33.46.26:35830/Mozi.m","2023-12-12 23:30:02.948518","2023-12-13 07:30:03.476788"
"102.33.47.190","http://102.33.47.190:39345/Mozi.m","2023-11-24 15:00:03.239132","2023-11-25 12:00:03.271364"
"102.33.47.89","http://102.33.47.89:59403/Mozi.m","2023-11-27 00:30:03.100615","2023-11-27 15:00:03.610169"
"102.33.64.242","http://102.33.64.242:33702/Mozi.m","2023-12-11 14:00:03.681289","2023-12-12 15:30:02.938220"
"102.33.67.226","http://102.33.67.226:35566/Mozi.m","2023-12-12 14:00:03.661592","2023-12-13 01:30:03.081809"
"102.33.69.186","http://102.33.69.186:41134/Mozi.m","2023-12-02 23:00:03.400812","2023-12-03 15:00:02.846517"
"102.33.7.1","http://102.33.7.1:55752/Mozi.a","2023-12-02 15:30:03.912597","2023-12-03 08:30:02.466444"
"102.33.7.169","http://102.33.7.169:33249/Mozi.m","2023-12-21 23:30:03.329713","2023-12-22 15:30:02.792035"
"102.33.72.223","http://102.33.72.223:60527/Mozi.a","2023-12-08 03:00:03.750225","2023-12-08 23:00:03.365380"
"102.33.74.245","http://102.33.74.245:34917/Mozi.m","2023-12-13 20:00:04.138296","2023-12-15 03:00:03.921822"
"102.33.76.228","http://102.33.76.228:36718/Mozi.m","2023-11-27 08:00:03.222106","2023-11-28 03:00:03.224510"
"102.33.80.15","http://102.33.80.15:52066/Mozi.m","2023-12-18 20:30:03.23366","2023-12-19 06:30:03.399654"
"102.33.82.81","http://102.33.82.81:33271/Mozi.m","2023-12-16 00:00:03.554744","2023-12-16 07:00:03.288710"
"102.33.8.38","http://102.33.8.38:37984/Mozi.m","2023-12-15 14:00:03.406213","2023-12-16 02:00:03.686484"
"102.33.8.38","http://102.33.8.38:37984/Mozi.a","2023-12-13 23:30:03.058274","2023-12-16 02:00:03.686484"
"102.33.85.103","http://102.33.85.103:50562/Mozi.m","2023-12-03 04:30:03.453071","2023-12-03 22:00:02.696540"
"102.33.89.107","http://102.33.89.107:38478/Mozi.m","2023-12-10 15:30:03.291122","2023-12-10 16:30:02.828099"
"102.33.92.221","http://102.33.92.221:50517/Mozi.a","2023-12-20 17:30:03.041419","2023-12-21 07:00:03.441672"
"102.36.214.65","http://102.36.214.65:40630/Mozi.m","2023-11-27 12:00:03.630924","2023-11-28 07:30:02.828417"
"102.51.60.192","http://102.51.60.192:49767/Mozi.m","2023-12-03 12:30:02.663041","2023-12-04 08:00:03.206908"
"102.53.140.76","http://102.53.140.76:37554/Mozi.m","2023-12-20 16:30:03.230348","2023-12-21 06:30:03.539146"
"102.85.3.11","http://102.85.3.11:48469/Mozi.m","2023-11-24 00:00:02.881538","2023-11-24 10:30:02.708200"
"102.85.47.179","http://102.85.47.179:45910/Mozi.m","2023-12-19 11:30:03.045399","2023-12-20 02:00:03.540341"
"102.85.50.19","http://102.85.50.19:52360/Mozi.m","2023-11-08 13:30:02.816735","2023-11-25 06:30:02.790571"
"103.152.134.225","http://103.152.134.225:43731/Mozi.a","2023-12-15 19:00:04.080745","2023-12-16 02:30:03.415487"
"103.152.134.237","http://103.152.134.237:37207/Mozi.m","2023-11-06 07:30:03.713147","2023-12-02 15:00:03.430429"
"103.251.125.192","http://103.251.125.192:48364/Mozi.a","2023-12-05 17:30:03.341136","2023-12-06 09:30:03.425126"
"104.230.136.238","http://104.230.136.238:46749/Mozi.a","2023-12-10 04:00:03.504319","2023-12-12 02:00:03.726128"
"104.230.136.238","http://104.230.136.238:46749/Mozi.m","2023-11-30 11:30:02.827857","2023-12-12 02:00:03.726128"
"104.49.178.39","http://104.49.178.39:39943/Mozi.m","2023-11-20 12:30:02.787674","2023-11-27 05:30:03.150562"
"104.49.178.39","http://104.49.178.39:39943/Mozi.a","2023-11-21 07:00:04.060261","2023-11-27 05:30:03.150562"
"112.112.245.106","http://112.112.245.106:50686/Mozi.m","2023-11-25 10:30:03.529713","2023-11-26 18:00:03.327990"
"112.239.99.159","http://112.239.99.159:41583/Mozi.a","2023-12-01 08:30:03.132461","2023-12-01 17:30:03.316039"
"112.31.72.39","http://112.31.72.39:37569/Mozi.a","2023-08-11 21:00:03.318122","2023-11-28 23:30:03.199773"
"112.31.72.39","http://112.31.72.39:57270/Mozi.m","2021-10-31 19:00:02.786527","2023-11-28 23:30:03.199773"
"113.245.216.48","http://113.245.216.48:42110/Mozi.m","2023-11-28 13:00:03.374023","2023-11-29 11:00:03.162843"
"113.59.128.164","http://113.59.128.164:3719/Mozi.m","2023-12-03 07:30:02.959451","2023-12-04 02:30:03.351449"
"115.54.181.110","http://115.54.181.110:47282/Mozi.m","2023-12-16 10:00:03.552019","2023-12-17 12:30:03.350653"
"115.55.228.210","http://115.55.228.210:49176/Mozi.m","2023-12-21 18:00:02.977841","2023-12-22 12:00:03.358470"
"115.56.103.252","http://115.56.103.252:41595/Mozi.m","2023-12-08 17:30:02.752606","2023-12-09 14:30:02.846572"
"115.58.135.153","http://115.58.135.153:47033/Mozi.a","2023-12-09 18:00:03.318073","2023-12-10 16:00:03.883474"
"115.58.135.153","http://115.58.135.153:45596/Mozi.m","2020-10-09 09:00:03.537497","2023-12-10 16:00:03.883474"
"115.59.23.120","http://115.59.23.120:33155/Mozi.m","2023-12-04 15:30:03.791679","2023-12-05 10:00:03.191222"
"116.249.119.80","http://116.249.119.80:33653/Mozi.m","2023-12-09 15:30:03.183117","2023-12-10 15:00:03.204105"
"117.215.165.126","http://117.215.165.126:39968/Mozi.m","2023-12-20 12:00:03.57586","2023-12-20 21:30:02.940802"
"118.91.54.34","http://118.91.54.34:4000/Mozi.a","2023-11-02 15:30:04.238922","2023-12-24 01:30:03.282263"
"118.91.54.34","http://118.91.54.34:4000/Mozi.m","2022-09-08 12:30:02.921357","2023-12-24 01:30:03.282263"
"119.160.128.161","http://119.160.128.161:43161/Mozi.m","2022-04-01 04:30:03.052848","2023-12-07 08:30:03.554434"
"119.160.128.161","http://119.160.128.161:37295/Mozi.a","2023-09-27 08:00:03.144905","2023-12-07 08:30:03.554434"
"119.179.222.55","http://119.179.222.55:60247/Mozi.m","2023-10-18 05:30:02.87138","2023-12-10 16:30:02.828099"
"119.180.244.74","http://119.180.244.74:57948/Mozi.m","2023-12-07 03:00:03.087086","2023-12-07 11:30:03.448978"
"119.59.236.145","http://119.59.236.145:43523/Mozi.m","2023-11-30 20:00:03.359821","2023-12-01 14:00:03.595963"
"120.242.105.47","http://120.242.105.47:43807/Mozi.m","2023-11-29 16:00:04.014432","2023-11-30 18:00:02.924925"
"122.100.201.173","http://122.100.201.173:44116/Mozi.m","2023-12-02 12:30:02.804027","2023-12-03 03:00:03.364894"
"123.12.11.32","http://123.12.11.32:49621/Mozi.m","2023-11-24 17:00:03.385102","2023-12-02 04:30:03.590776"
"123.12.192.255","http://123.12.192.255:54240/Mozi.m","2023-11-30 12:00:03.665604","2023-12-01 07:30:03.154360"
"123.13.0.249","http://123.13.0.249:51527/Mozi.m","2023-12-02 19:00:03.946403","2023-12-03 13:30:03.013022"
"123.14.83.62","http://123.14.83.62:56667/Mozi.m","2023-12-05 08:00:03.232916","2023-12-06 12:00:03.351500"
"123.240.7.168","http://123.240.7.168:37702/Mozi.m","2022-05-09 06:00:03.081559","2023-12-13 10:30:02.753578"
"123.240.7.168","http://123.240.7.168:45591/Mozi.a","2023-10-28 00:30:02.94709","2023-12-13 10:30:02.753578"
"124.131.106.44","http://124.131.106.44:36993/Mozi.m","2023-12-04 15:30:03.791679","2023-12-05 10:00:03.191222"
"124.42.152.90","http://124.42.152.90:34398/Mozi.m","2023-11-24 23:00:03.764725","2023-11-25 16:00:03.423025"
"124.42.167.92","http://124.42.167.92:35734/Mozi.m","2023-11-29 19:30:02.774152","2023-11-30 19:30:03.564156"
"125.44.41.19","http://125.44.41.19:47319/Mozi.m","2023-12-18 16:30:03.317442","2023-12-19 06:30:03.399654"
"136.35.236.164","http://136.35.236.164:50617/Mozi.m","2023-08-06 01:30:03.234905","2023-12-08 22:00:03.395363"
"136.35.236.164","http://136.35.236.164:50617/Mozi.a","2023-08-06 02:00:03.477955","2023-12-08 22:00:03.395363"
"152.160.185.131","http://152.160.185.131:41474/Mozi.m","2023-10-16 04:30:03.71185","2023-12-23 16:30:03.427984"
"158.255.82.204","http://158.255.82.204:46473/Mozi.m","2023-03-09 23:00:02.367768","2023-12-23 20:30:02.920228"
"158.255.82.231","http://158.255.82.231:59450/Mozi.m","2023-12-17 00:30:03.544405","2023-12-17 19:30:03.130305"
"158.255.82.232","http://158.255.82.232:46460/Mozi.m","2023-04-23 20:00:03.363337","2023-12-22 06:30:03.115344"
"158.255.82.232","http://158.255.82.232:47862/Mozi.a","2023-11-10 03:30:03.34237","2023-12-22 06:30:03.115344"
"158.255.82.80","http://158.255.82.80:44431/Mozi.m","2023-12-14 02:00:03.60918","2023-12-15 07:30:03.442820"
"170.254.54.243","http://170.254.54.243:60915/Mozi.m","2023-12-10 19:30:03.435231","2023-12-11 20:30:03.410151"
"171.35.243.105","http://171.35.243.105:46060/Mozi.m","2022-04-13 04:30:02.934950","2023-11-28 07:00:04.241229"
"171.35.243.110","http://171.35.243.110:50660/Mozi.a","2023-11-25 08:00:03.31701","2023-11-26 02:00:04.389423"
"171.35.243.110","http://171.35.243.110:42549/Mozi.m","2022-01-31 21:00:03.040271","2023-11-26 02:00:04.389423"
"171.37.44.216","http://171.37.44.216:41248/Mozi.a","2023-11-24 08:30:02.951787","2023-11-25 04:30:02.783227"
"171.37.46.148","http://171.37.46.148:41248/Mozi.m","2023-11-30 09:00:03.625889","2023-12-01 06:00:03.578213"
"173.170.79.84","http://173.170.79.84:44628/Mozi.m","2022-12-31 07:00:02.544624","2023-12-23 20:30:02.920228"
"173.170.79.84","http://173.170.79.84:55504/Mozi.a","2023-11-02 00:30:03.025307","2023-12-23 20:30:02.920228"
"175.107.0.115","http://175.107.0.115:55115/Mozi.m","2022-02-26 21:00:03.573620","2023-12-23 19:00:03.511471"
"175.107.0.118","http://175.107.0.118:58462/Mozi.m","2022-02-18 11:00:03.669420","2023-12-21 15:30:02.884977"
"175.107.0.118","http://175.107.0.118:34219/Mozi.a","2023-12-21 04:00:03.342847","2023-12-21 15:30:02.884977"
"175.107.0.146","http://175.107.0.146:54633/Mozi.m","2022-11-24 01:00:02.550523","2023-12-01 03:30:03.705175"
"175.107.0.173","http://175.107.0.173:48861/Mozi.a","2023-12-09 19:00:03.848324","2023-12-10 16:00:03.883474"
"175.107.0.173","http://175.107.0.173:33088/Mozi.m","2021-12-28 00:30:02.266000","2023-12-10 16:00:03.883474"
"175.107.0.178","http://175.107.0.178:52797/Mozi.m","2022-04-17 02:00:03.135540","2023-11-27 04:30:02.874304"
"175.107.0.178","http://175.107.0.178:35249/Mozi.a","2023-11-26 12:30:03.119866","2023-11-27 04:30:02.874304"
"175.107.0.180","http://175.107.0.180:50342/Mozi.m","2022-02-07 08:30:02.227422","2023-12-03 08:30:02.466444"
"175.107.0.183","http://175.107.0.183:33073/Mozi.a","2023-09-09 20:30:03.13332","2023-12-19 04:00:03.549384"
"175.107.0.183","http://175.107.0.183:37604/Mozi.m","2021-11-29 09:30:02.894977","2023-12-19 04:00:03.549384"
"175.107.0.197","http://175.107.0.197:43619/Mozi.m","2021-12-19 15:00:02.542598","2023-12-19 06:30:03.399654"
"175.107.0.198","http://175.107.0.198:49384/Mozi.m","2021-11-16 16:30:02.960659","2023-12-07 04:00:03.861366"
"175.107.0.198","http://175.107.0.198:46642/Mozi.a","2023-12-06 14:00:03.640534","2023-12-07 04:00:03.861366"
"175.107.0.203","http://175.107.0.203:42526/Mozi.m","2022-05-16 06:30:02.772942","2023-12-12 07:30:03.633230"
"175.107.0.203","http://175.107.0.203:54097/Mozi.a","2023-10-06 12:30:03.387679","2023-12-12 07:30:03.633230"
"175.107.0.205","http://175.107.0.205:38011/Mozi.a","2023-08-27 06:00:03.793386","2023-11-29 05:00:03.514787"
"175.107.0.205","http://175.107.0.205:43723/Mozi.m","2022-05-01 02:00:02.870711","2023-11-29 05:00:03.514787"
"175.107.0.210","http://175.107.0.210:34084/Mozi.a","2023-11-17 13:00:03.30864","2023-12-01 18:00:03.443954"
"175.107.0.210","http://175.107.0.210:59720/Mozi.m","2022-11-03 01:00:02.423802","2023-12-01 18:00:03.443954"
"175.107.0.215","http://175.107.0.215:52056/Mozi.m","2022-07-09 11:00:02.671525","2023-12-05 07:30:03.101525"
"175.107.0.215","http://175.107.0.215:54520/Mozi.a","2023-12-04 11:30:03.266956","2023-12-05 07:30:03.101525"
"175.107.0.239","http://175.107.0.239:55582/Mozi.m","2022-03-30 10:30:02.378085","2023-12-07 07:30:02.803743"
"175.107.0.241","http://175.107.0.241:36383/Mozi.m","2022-03-11 14:30:03.477025","2023-11-27 11:30:03.030079"
"175.107.0.241","http://175.107.0.241:34819/Mozi.a","2023-11-27 00:30:03.100615","2023-11-27 11:30:03.030079"
"175.107.0.248","http://175.107.0.248:36767/Mozi.a","2023-11-12 05:30:03.65183","2023-12-10 16:30:02.828099"
"175.107.0.248","http://175.107.0.248:35477/Mozi.m","2021-11-19 12:00:02.568104","2023-12-10 16:30:02.828099"
"175.107.0.31","http://175.107.0.31:49298/Mozi.m","2022-07-06 16:30:03.276087","2023-12-09 03:30:02.989016"
"175.107.0.69","http://175.107.0.69:42977/Mozi.a","2023-12-11 08:30:02.978527","2023-12-12 07:30:03.633230"
"175.107.0.69","http://175.107.0.69:37569/Mozi.m","2022-09-22 17:00:03.064381","2023-12-12 07:30:03.633230"
"175.107.0.70","http://175.107.0.70:51511/Mozi.m","2022-11-25 06:30:02.511156","2023-12-08 18:00:03.322839"
"175.107.0.87","http://175.107.0.87:54717/Mozi.m","2022-01-25 18:00:02.860210","2023-12-10 16:00:03.883474"
"175.107.0.90","http://175.107.0.90:47436/Mozi.m","2021-11-24 06:00:03.392345","2023-12-03 13:30:03.013022"
"175.107.0.96","http://175.107.0.96:36601/Mozi.m","2022-04-16 10:30:02.435501","2023-11-26 11:30:03.374815"
"175.107.1.10","http://175.107.1.10:40335/Mozi.m","2022-05-07 08:30:02.910713","2023-12-05 07:30:03.101525"
"175.107.1.102","http://175.107.1.102:47963/Mozi.m","2022-01-25 18:30:03.043146","2023-12-23 22:00:03.624717"
"175.107.1.122","http://175.107.1.122:46910/Mozi.m","2022-01-12 06:00:02.761169","2023-12-09 08:00:03.441263"
"175.107.1.135","http://175.107.1.135:49267/Mozi.m","2022-04-19 10:30:03.224596","2023-11-25 16:30:02.855383"
"175.107.1.181","http://175.107.1.181:38002/Mozi.m","2022-02-15 23:30:02.475219","2023-11-29 21:30:03.535217"
"175.107.1.185","http://175.107.1.185:48152/Mozi.m","2022-03-29 13:30:02.319246","2023-12-08 06:00:03.078641"
"175.107.1.188","http://175.107.1.188:53111/Mozi.m","2022-06-30 03:30:02.592342","2023-12-12 06:00:03.085484"
"175.107.1.189","http://175.107.1.189:39165/Mozi.m","2021-11-21 02:00:02.635693","2023-12-04 16:00:03.347573"
"175.107.1.190","http://175.107.1.190:50877/Mozi.m","2023-11-08 06:00:03.383353","2023-12-05 11:30:03.462260"
"175.107.1.218","http://175.107.1.218:53983/Mozi.m","2021-11-22 09:00:02.850998","2023-11-27 11:00:03.668657"
"175.107.12.77","http://175.107.12.77:47771/Mozi.a","2023-12-08 03:30:03.461283","2023-12-08 23:30:02.991597"
"175.107.1.40","http://175.107.1.40:36222/Mozi.a","2023-12-06 07:00:03.629807","2023-12-06 22:00:03.676876"
"175.107.1.40","http://175.107.1.40:48825/Mozi.m","2022-12-23 11:00:02.763860","2023-12-06 22:00:03.676876"
"175.107.1.52","http://175.107.1.52:40758/Mozi.m","2022-05-12 10:30:02.768094","2023-12-01 09:00:03.508673"
"175.107.1.53","http://175.107.1.53:48583/Mozi.a","2023-08-24 14:30:03.40255","2023-12-05 06:00:03.954565"
"175.107.1.53","http://175.107.1.53:49055/Mozi.m","2023-01-07 23:00:02.518231","2023-12-05 06:00:03.954565"
"175.107.1.59","http://175.107.1.59:34554/Mozi.m","2022-02-04 20:00:02.237276","2023-12-10 16:00:03.883474"
"175.107.2.229","http://175.107.2.229:50296/Mozi.a","2023-12-08 02:00:03.2252","2023-12-08 21:30:03.155244"
"175.107.2.229","http://175.107.2.229:60261/Mozi.m","2022-06-25 19:00:02.599460","2023-12-08 21:30:03.155244"
"175.107.2.78","http://175.107.2.78:58029/Mozi.m","2022-04-22 15:30:03.128683","2023-12-09 09:00:03.572162"
"175.9.184.97","http://175.9.184.97:41846/Mozi.m","2023-11-08 18:00:03.166034","2023-12-12 08:30:03.960939"
"175.9.184.97","http://175.9.184.97:41846/Mozi.a","2023-12-08 07:00:04.139032","2023-12-12 08:30:03.960939"
"176.82.209.108","http://176.82.209.108:37785/Mozi.m","2023-11-26 12:00:02.981399","2023-11-27 03:30:04.088715"
"177.71.62.53","http://177.71.62.53:56890/Mozi.m","2023-12-17 12:30:03.327853","2023-12-18 05:00:03.289585"
"178.141.0.135","http://178.141.0.135:43259/Mozi.m","2023-12-18 16:30:03.317442","2023-12-19 06:30:03.399654"
"178.141.135.86","http://178.141.135.86:48465/Mozi.m","2023-12-11 23:30:03.062309","2023-12-17 00:00:03.763950"
"178.141.135.86","http://178.141.135.86:48465/Mozi.a","2023-12-16 06:00:03.247413","2023-12-17 00:00:03.763950"
"178.141.14.222","http://178.141.14.222:49803/Mozi.m","2023-11-28 00:30:03.649661","2023-11-28 21:30:04.116872"
"178.141.153.195","http://178.141.153.195:49377/Mozi.m","2023-12-02 02:30:02.647648","2023-12-02 22:30:03.455068"
"178.141.156.14","http://178.141.156.14:38601/Mozi.m","2023-12-20 10:00:03.543073","2023-12-20 19:00:03.305386"
"178.141.170.183","http://178.141.170.183:51402/Mozi.m","2023-12-19 03:00:02.891974","2023-12-19 07:00:04.017842"
"178.141.174.170","http://178.141.174.170:39639/Mozi.m","2023-11-29 15:30:03.070607","2023-12-01 17:30:03.316039"
"178.141.174.170","http://178.141.174.170:39639/Mozi.a","2023-11-25 21:00:03.439672","2023-12-01 17:30:03.316039"
"178.141.17.92","http://178.141.17.92:58147/Mozi.m","2023-11-27 13:00:03.054233","2023-11-28 10:00:03.709941"
"178.141.201.17","http://178.141.201.17:47469/Mozi.m","2023-12-02 12:30:02.804027","2023-12-03 03:00:03.364894"
"178.141.212.174","http://178.141.212.174:33129/Mozi.m","2023-11-26 19:00:02.77765","2023-11-27 07:00:03.405332"
"178.141.215.236","http://178.141.215.236:54754/Mozi.m","2023-12-20 21:30:02.955884","2023-12-21 10:30:02.572882"
"178.141.23.234","http://178.141.23.234:57402/Mozi.m","2021-10-14 03:30:02.255513","2023-12-17 19:30:03.130305"
"178.141.238.170","http://178.141.238.170:54717/Mozi.m","2023-12-14 20:00:03.19627","2023-12-15 18:00:03.138451"
"178.141.241.139","http://178.141.241.139:37438/Mozi.m","2023-12-18 20:00:04.001834","2023-12-19 06:30:03.399654"
"178.141.68.173","http://178.141.68.173:34447/Mozi.a","2023-12-16 22:30:03.395834","2023-12-17 19:30:03.130305"
"178.224.42.94","http://178.224.42.94:51617/Mozi.m","2023-11-24 18:30:03.167651","2023-11-25 16:00:03.423025"
"178.226.175.160","http://178.226.175.160:53621/Mozi.m","2023-12-11 07:00:03.427315","2023-12-12 07:00:03.799264"
"178.228.111.172","http://178.228.111.172:48733/Mozi.a","2023-11-30 14:30:03.623026","2023-12-01 08:00:02.959080"
"179.151.88.67","http://179.151.88.67:47763/Mozi.m","2023-12-19 12:30:02.976035","2023-12-20 02:00:03.540341"
"182.112.7.42","http://182.112.7.42:47319/Mozi.m","2023-12-15 11:00:03.177322","2023-12-16 00:30:03.402509"
"182.113.32.46","http://182.113.32.46:50021/Mozi.m","2023-12-19 09:30:03.308516","2023-12-20 01:30:03.427449"
"182.121.189.167","http://182.121.189.167:38692/Mozi.m","2023-12-06 14:30:03.623867","2023-12-07 05:30:03.331580"
"182.126.109.156","http://182.126.109.156:47319/Mozi.m","2023-11-26 00:30:03.273078","2023-11-26 16:30:02.802236"
"182.126.83.231","http://182.126.83.231:56486/Mozi.m","2023-12-21 09:30:03.317634","2023-12-22 05:00:03.222189"
"182.127.180.221","http://182.127.180.221:55086/Mozi.m","2023-11-28 19:30:03.627742","2023-11-29 21:00:03.983431"
"182.127.51.86","http://182.127.51.86:37286/Mozi.m","2023-12-19 06:30:03.061357","2023-12-19 07:00:04.017842"
"183.159.54.189","http://183.159.54.189:33770/Mozi.m","2022-01-25 19:00:03.024722","2023-12-07 08:30:03.554434"
"183.159.66.67","http://183.159.66.67:48995/Mozi.m","2021-12-11 16:00:03.086211","2023-12-02 12:00:03.608313"
"183.159.66.67","http://183.159.66.67:48995/Mozi.a","2023-08-20 21:00:03.69346","2023-12-02 12:00:03.608313"
"183.215.139.197","http://183.215.139.197:56358/Mozi.m","2023-10-23 23:00:03.18651","2023-12-07 08:30:03.554434"
"183.215.139.197","http://183.215.139.197:56358/Mozi.a","2023-12-06 23:00:03.811867","2023-12-07 08:30:03.554434"
"185.32.4.68","http://185.32.4.68:35363/Mozi.m","2023-08-07 04:00:03.406128","2023-12-09 07:30:03.284256"
"186.4.217.208","http://186.4.217.208:52380/Mozi.a","2023-08-02 14:25:17.972831","2023-12-23 17:30:03.055356"
"186.4.217.208","http://186.4.217.208:60900/Mozi.m","2021-06-28 16:30:02.636893","2023-12-23 17:30:03.055356"
"188.163.31.162","http://188.163.31.162:39541/Mozi.m","2023-12-16 19:30:03.391187","2023-12-17 17:30:02.887474"
"188.18.12.218","http://188.18.12.218:42286/Mozi.m","2023-12-08 07:30:03.362671","2023-12-09 07:00:04.133678"
"190.9.22.164","http://190.9.22.164:60654/Mozi.m","2023-12-20 11:00:02.788997","2023-12-20 20:00:03.007479"
"192.168.1.1","http://192.168.1.1:8088/Mozi.a","2020-12-08 18:39:59.743351","2023-12-24 01:30:03.282263"
"192.168.1.1","http://192.168.1.1:8088/Mozi.m","2020-12-08 18:39:59.743351","2023-12-24 01:30:03.282263"
"197.148.33.9","http://197.148.33.9:47132/Mozi.m","2022-07-15 16:30:03.282167","2023-12-13 16:00:03.460518"
"197.148.33.9","http://197.148.33.9:47099/Mozi.a","2023-08-08 12:00:02.87587","2023-12-13 16:00:03.460518"
"200.59.107.164","http://200.59.107.164:49044/Mozi.a","2023-12-06 14:30:03.623867","2023-12-10 16:00:03.883474"
"200.59.107.164","http://200.59.107.164:49044/Mozi.m","2023-11-27 02:30:02.606332","2023-12-10 16:00:03.883474"
"200.59.72.217","http://200.59.72.217:57668/Mozi.m","2023-12-15 13:00:03.20213","2023-12-16 02:00:03.686484"
"200.59.72.232","http://200.59.72.232:40835/Mozi.m","2023-12-01 11:30:03.340243","2023-12-02 02:00:03.327598"
"200.6.91.43","http://200.6.91.43:47121/Mozi.m","2023-12-16 10:00:03.552019","2023-12-17 12:30:03.350653"
"201.150.172.117","http://201.150.172.117:33127/Mozi.m","2023-09-13 23:30:02.913405","2023-12-07 07:00:03.674547"
"201.221.109.26","http://201.221.109.26:47275/Mozi.m","2023-12-15 13:00:03.20213","2023-12-16 02:00:03.686484"
"207.42.135.110","http://207.42.135.110:42124/Mozi.m","2023-08-18 17:00:03.759893","2023-12-23 14:00:03.114960"
"207.42.135.110","http://207.42.135.110:42124/Mozi.a","2023-09-17 10:30:03.810103","2023-12-23 14:00:03.114960"
"211.148.65.141","http://211.148.65.141:56704/Mozi.a","2023-12-21 05:30:03.082745","2023-12-21 17:00:02.937764"
"216.244.203.107","http://216.244.203.107:53743/Mozi.m","2023-11-30 18:30:02.988027","2023-12-01 13:30:03.444222"
"216.244.203.118","http://216.244.203.118:48403/Mozi.m","2023-12-12 00:30:03.842767","2023-12-12 22:30:03.015100"
"216.244.203.59","http://216.244.203.59:55610/Mozi.m","2023-12-18 18:30:03.21256","2023-12-19 06:30:03.399654"
"216.244.203.68","http://216.244.203.68:39142/Mozi.m","2023-11-25 03:00:03.405358","2023-11-25 23:00:03.526294"
"216.244.247.231","http://216.244.247.231:46189/Mozi.m","2023-12-09 20:00:03.448422","2023-12-10 16:00:03.883474"
"218.35.210.194","http://218.35.210.194:47441/Mozi.m","2021-11-29 12:00:03.228870","2023-12-23 21:00:02.809413"
"219.79.26.243","http://219.79.26.243:59178/Mozi.m","2023-12-05 09:00:03.729899","2023-12-05 19:30:03.324074"
"220.112.192.36","http://220.112.192.36:34398/Mozi.m","2023-12-11 22:30:03.360392","2023-12-12 22:30:03.015100"
"220.112.65.224","http://220.112.65.224:51417/Mozi.m","2023-12-05 09:30:03.011299","2023-12-06 09:30:03.425126"
"220.115.255.230","http://220.115.255.230:58144/Mozi.m","2023-12-03 17:00:03.016505","2023-12-04 15:00:03.538572"
"220.152.250.42","http://220.152.250.42:39913/Mozi.a","2023-11-25 12:00:03.271364","2023-11-26 06:30:02.822171"
"221.14.52.205","http://221.14.52.205:33272/Mozi.m","2023-11-29 22:30:02.998193","2023-11-30 23:00:03.274404"
"221.15.216.28","http://221.15.216.28:58990/Mozi.a","2023-12-05 02:00:03.553855","2023-12-05 16:30:02.527422"
"221.15.217.4","http://221.15.217.4:58990/Mozi.m","2023-12-03 05:30:03.199137","2023-12-03 23:00:03.389367"
"222.134.172.138","http://222.134.172.138:43766/Mozi.m","2020-09-26 01:30:02.945638","2023-12-19 07:00:04.017842"
"222.135.198.111","http://222.135.198.111:48028/Mozi.m","2023-12-06 05:30:03.688577","2023-12-06 21:30:02.863346"
"222.135.220.239","http://222.135.220.239:39826/Mozi.m","2023-12-04 02:30:03.574651","2023-12-04 23:30:03.679474"
"222.135.221.130","http://222.135.221.130:42088/Mozi.m","2023-11-22 04:30:03.086862","2023-12-15 11:00:03.177322"
"222.135.221.130","http://222.135.221.130:42088/Mozi.a","2023-12-01 10:00:03.281868","2023-12-15 11:00:03.177322"
"222.139.93.193","http://222.139.93.193:40094/Mozi.m","2023-12-07 07:00:03.674547","2023-12-07 11:30:03.448978"
"223.111.220.171","http://223.111.220.171:48524/Mozi.m","2023-10-23 08:30:03.68839","2023-11-29 11:30:03.078332"
"27.106.151.35","http://27.106.151.35:54655/Mozi.m","2023-12-08 07:30:03.362671","2023-12-09 07:00:04.133678"
"27.215.179.163","http://27.215.179.163:42843/Mozi.a","2023-12-05 18:00:03.105396","2023-12-06 10:30:03.295927"
"27.216.34.125","http://27.216.34.125:36993/Mozi.m","2023-11-29 00:30:03.309513","2023-11-30 02:30:03.689614"
"39.126.203.159","http://39.126.203.159:4221/Mozi.m","2023-12-20 14:00:03.586444","2023-12-20 21:30:02.940802"
"39.129.197.121","http://39.129.197.121:58001/Mozi.m","2023-12-03 08:00:03.764255","2023-12-17 09:30:03.313519"
"39.144.4.37","http://39.144.4.37:56653/Mozi.m","2023-12-22 12:00:03.35847","2023-12-23 12:00:02.998224"
"39.74.3.162","http://39.74.3.162:38016/Mozi.m","2023-12-03 23:30:03.101898","2023-12-04 20:00:03.230384"
"39.78.24.204","http://39.78.24.204:59568/Mozi.a","2023-11-17 10:00:03.748772","2023-12-23 22:30:02.556268"
"39.87.124.186","http://39.87.124.186:42788/Mozi.m","2023-11-24 06:00:03.537435","2023-12-03 19:30:03.245955"
"42.224.146.129","http://42.224.146.129:52910/Mozi.m","2023-12-20 01:30:03.457469","2023-12-20 03:00:03.544801"
"42.227.149.138","http://42.227.149.138:36717/Mozi.m","2023-12-08 14:30:02.873283","2023-12-09 12:00:04.067428"
"42.228.34.52","http://42.228.34.52:57942/Mozi.m","2023-11-30 05:30:03.275798","2023-12-01 02:30:02.696952"
"42.231.39.122","http://42.231.39.122:60570/Mozi.m","2023-12-15 19:00:04.080745","2023-12-16 03:00:03.241982"
"42.231.69.213","http://42.231.69.213:41595/Mozi.m","2023-12-12 06:00:03.085484","2023-12-12 22:30:03.015100"
"42.239.227.94","http://42.239.227.94:53461/Mozi.m","2023-12-04 19:00:03.549565","2023-12-05 11:30:03.462260"
"45.164.141.103","http://45.164.141.103:55702/Mozi.m","2023-12-14 04:30:03.728234","2023-12-15 09:00:03.244044"
"45.51.173.135","http://45.51.173.135:57202/Mozi.a","2023-09-03 06:00:03.271549","2023-12-16 07:00:03.288710"
"45.51.173.135","http://45.51.173.135:33718/Mozi.m","2021-10-26 04:30:02.519737","2023-12-16 07:00:03.288710"
"46.32.172.202","http://46.32.172.202:11627/Mozi.a","2023-12-17 16:30:02.990795","2023-12-18 09:00:03.917877"
"46.32.172.202","http://46.32.172.202:11227/Mozi.m","2023-09-12 13:30:03.394541","2023-12-18 09:00:03.917877"
"46.32.172.204","http://46.32.172.204:11537/Mozi.m","2023-12-17 06:30:03.169009","2023-12-17 20:30:02.804594"
"46.32.172.204","http://46.32.172.204:10030/Mozi.a","2023-09-09 14:30:03.097016","2023-12-17 20:30:02.804594"
"46.32.172.208","http://46.32.172.208:10386/Mozi.m","2023-09-23 23:30:03.669245","2023-12-16 03:00:03.241982"
"46.32.172.208","http://46.32.172.208:10021/Mozi.a","2023-09-19 07:30:02.822629","2023-12-16 03:00:03.241982"
"46.32.172.211","http://46.32.172.211:10604/Mozi.m","2023-10-12 11:30:03.051641","2023-12-19 06:30:03.399654"
"46.32.172.212","http://46.32.172.212:10596/Mozi.m","2023-09-11 18:00:03.270735","2023-12-01 13:00:03.122074"
"46.32.172.212","http://46.32.172.212:10604/Mozi.a","2023-10-21 12:30:03.549156","2023-12-01 13:00:03.122074"
"46.32.172.213","http://46.32.172.213:10994/Mozi.a","2023-10-15 12:30:03.66777","2023-11-24 11:30:03.337804"
"46.32.172.213","http://46.32.172.213:11751/Mozi.m","2023-11-11 23:30:03.428733","2023-11-24 11:30:03.337804"
"46.32.172.218","http://46.32.172.218:11057/Mozi.a","2023-09-18 20:00:03.092653","2023-12-24 01:30:03.282263"
"46.32.172.218","http://46.32.172.218:11247/Mozi.m","2023-09-13 10:30:03.459014","2023-12-24 01:30:03.282263"
"46.32.172.220","http://46.32.172.220:11435/Mozi.a","2023-10-22 07:00:03.508197","2023-12-19 07:00:04.017842"
"46.32.172.221","http://46.32.172.221:10126/Mozi.a","2023-10-30 10:30:03.581433","2023-12-17 20:30:02.804594"
"46.32.172.221","http://46.32.172.221:10926/Mozi.m","2023-10-29 16:30:02.761199","2023-12-17 20:30:02.804594"
"46.32.172.234","http://46.32.172.234:10839/Mozi.a","2023-11-01 03:00:03.051478","2023-12-23 10:30:03.507312"
"46.32.172.234","http://46.32.172.234:10709/Mozi.m","2023-10-19 18:00:04.142089","2023-12-23 10:30:03.507312"
"46.32.172.70","http://46.32.172.70:11455/Mozi.a","2023-12-01 16:00:03.750878","2023-12-01 18:00:03.443954"
"46.32.172.70","http://46.32.172.70:11011/Mozi.m","2023-01-12 13:00:02.650078","2023-12-01 18:00:03.443954"
"46.32.172.72","http://46.32.172.72:10864/Mozi.a","2023-11-27 19:30:03.15517","2023-11-28 17:30:02.937417"
"46.32.172.72","http://46.32.172.72:10663/Mozi.m","2023-01-10 12:00:02.949487","2023-11-28 17:30:02.937417"
"46.32.172.78","http://46.32.172.78:10223/Mozi.m","2023-01-14 00:30:02.512053","2023-12-19 07:00:04.017842"
"46.32.172.79","http://46.32.172.79:10122/Mozi.m","2023-02-19 20:00:02.626564","2023-12-04 08:00:03.206908"
"46.32.172.79","http://46.32.172.79:11857/Mozi.a","2023-08-05 08:00:03.196448","2023-12-04 08:00:03.206908"
"46.32.172.83","http://46.32.172.83:10794/Mozi.a","2023-11-24 01:30:04.038107","2023-11-24 21:00:03.459590"
"46.32.172.83","http://46.32.172.83:10741/Mozi.m","2023-01-14 09:00:02.961566","2023-11-24 21:00:03.459590"
"46.32.172.85","http://46.32.172.85:11204/Mozi.m","2023-01-17 18:00:02.691264","2023-12-04 18:00:03.750638"
"46.32.172.86","http://46.32.172.86:10830/Mozi.m","2023-01-10 05:30:02.587732","2023-11-24 23:30:03.080877"
"46.32.172.86","http://46.32.172.86:11658/Mozi.a","2023-08-05 11:30:03.016191","2023-11-24 23:30:03.080877"
"46.32.172.88","http://46.32.172.88:10808/Mozi.a","2023-08-03 05:30:03.210642","2023-12-09 14:00:03.686101"
"46.32.172.88","http://46.32.172.88:11866/Mozi.m","2023-01-20 19:30:02.364337","2023-12-09 14:00:03.686101"
"46.32.172.93","http://46.32.172.93:10013/Mozi.a","2023-12-01 18:30:03.047062","2023-12-01 21:30:02.739938"
"46.32.172.93","http://46.32.172.93:12000/Mozi.m","2023-02-07 07:00:02.863937","2023-12-01 21:30:02.739938"
"5.150.239.108","http://5.150.239.108:38408/Mozi.m","2022-05-23 14:00:02.773831","2023-12-20 02:00:03.540341"
"60.214.86.205","http://60.214.86.205:39727/Mozi.m","2023-11-29 03:00:03.456048","2023-11-30 05:00:03.453129"
"61.152.197.137","http://61.152.197.137:50528/Mozi.m","2023-11-25 13:00:03.010298","2023-11-26 07:00:04.096023"
"61.52.40.206","http://61.52.40.206:38320/Mozi.m","2023-12-16 05:30:03.176874","2023-12-17 07:30:03.292034"
"61.52.51.14","http://61.52.51.14:33272/Mozi.a","2023-12-07 13:00:03.202614","2023-12-08 14:00:03.088753"
"61.53.107.115","http://61.53.107.115:51129/Mozi.m","2023-12-17 00:30:03.544405","2023-12-17 19:30:03.130305"
"61.53.117.48","http://61.53.117.48:60646/Mozi.m","2023-12-02 19:00:03.946403","2023-12-03 13:00:03.175534"
"61.53.125.168","http://61.53.125.168:36019/Mozi.m","2023-12-10 17:30:03.153768","2023-12-11 11:00:03.627354"
"64.178.180.120","http://64.178.180.120:55321/Mozi.a","2023-08-09 22:00:03.2772","2023-12-05 19:30:03.324074"
"64.178.180.120","http://64.178.180.120:55321/Mozi.m","2023-08-20 18:00:03.452405","2023-12-05 19:30:03.324074"
"65.32.102.65","http://65.32.102.65:48775/Mozi.m","2021-05-18 00:30:02.995523","2023-12-09 21:00:03.197194"
"65.32.102.65","http://65.32.102.65:42467/Mozi.a","2023-08-29 22:00:03.582722","2023-12-09 21:00:03.197194"
"65.75.94.152","http://65.75.94.152:41156/Mozi.a","2023-11-25 18:30:02.588824","2023-12-05 10:00:03.191222"
"65.75.94.152","http://65.75.94.152:60421/Mozi.m","2023-12-01 04:30:02.805976","2023-12-05 10:00:03.191222"
"66.27.170.203","http://66.27.170.203:53237/Mozi.a","2023-10-08 22:00:03.682216","2023-12-02 01:00:03.629571"
"66.27.170.203","http://66.27.170.203:38316/Mozi.m","2023-10-19 15:30:03.940338","2023-12-02 01:00:03.629571"
"67.249.242.156","http://67.249.242.156:36075/Mozi.a","2023-12-09 08:30:03.583238","2023-12-10 11:30:02.902667"
"72.139.97.166","http://72.139.97.166:60166/Mozi.m","2023-12-15 04:00:03.500835","2023-12-15 22:30:03.081092"
"74.76.7.199","http://74.76.7.199:46946/Mozi.m","2023-11-19 15:30:03.343826","2023-12-05 02:00:03.553855"
"75.74.28.210","http://75.74.28.210:40820/Mozi.a","2023-09-15 10:30:03.526225","2023-12-23 21:30:02.871355"
"75.74.28.210","http://75.74.28.210:40820/Mozi.m","2023-09-22 10:00:03.529197","2023-12-23 21:30:02.871355"
"77.239.217.192","http://77.239.217.192:47262/Mozi.m","2023-11-25 13:00:03.010298","2023-11-26 07:00:04.096023"
"77.53.185.20","http://77.53.185.20:49568/Mozi.m","2023-03-12 15:30:02.451015","2023-12-05 10:30:02.519815"
"78.38.18.107","http://78.38.18.107:39850/Mozi.m","2023-10-20 14:30:03.301828","2023-11-30 17:00:04.182424"
"78.38.18.107","http://78.38.18.107:39850/Mozi.a","2023-11-28 22:00:03.59645","2023-11-30 17:00:04.182424"
"81.223.20.226","http://81.223.20.226:52229/Mozi.m","2023-01-07 10:00:02.826089","2023-12-19 06:30:03.399654"
"90.63.155.1","http://90.63.155.1:48840/Mozi.m","2022-04-20 11:30:03.522627","2023-12-07 06:30:03.475150"
"90.63.155.1","http://90.63.155.1:33331/Mozi.a","2023-09-22 00:30:04.698939","2023-12-07 06:30:03.475150"
"91.166.59.96","http://91.166.59.96:44346/Mozi.m","2021-10-06 15:30:03.120614","2023-12-20 18:30:02.743978"
"91.166.59.96","http://91.166.59.96:39020/Mozi.a","2023-11-03 16:30:03.072506","2023-12-20 18:30:02.743978"
"91.239.77.159","http://91.239.77.159:54563/Mozi.m","2022-01-04 18:00:02.770002","2023-12-22 03:30:02.845366"
"91.239.77.159","http://91.239.77.159:58618/Mozi.a","2023-11-10 09:30:03.506856","2023-12-22 03:30:02.845366"
"95.160.24.173","http://95.160.24.173:37643/Mozi.m","2023-11-26 21:00:03.683547","2023-11-27 08:00:03.222106"
"99.179.1.51","http://99.179.1.51:39870/Mozi.m","2023-04-21 15:30:03.797258","2023-12-23 16:30:03.427984"
"99.179.1.51","http://99.179.1.51:60759/Mozi.a","2023-08-11 22:30:03.231404","2023-12-23 16:30:03.427984"
